"file","file_path","md5"
"dc_geo_census_cb_2020_census_block_groups.geojson","data/dc_geo_census_cb_2020_census_block_groups/distribution/dc_geo_census_cb_2020_census_block_groups.geojson","1b31fa155c8c172d82af581f24465d10"
"dc_geo_census_cb_2020_census_tracts.geojson","data/dc_geo_census_cb_2020_census_tracts/distribution/dc_geo_census_cb_2020_census_tracts.geojson","6a4652a1cca1ca93d70fdf3888aacb9f"
"dc_geo_census_tl_2020_counties.geojson","data/dc_geo_census_tl_2020_counties/distribution/dc_geo_census_tl_2020_counties.geojson","f58d25d7ab8592c4988f72184af2796f"
"md_geo_census_cb_2020_census_block_groups.geojson","data/md_geo_census_cb_2020_census_block_groups/distribution/md_geo_census_cb_2020_census_block_groups.geojson","f8f84c015cc51d04f358a0016f425770"
"md_geo_census_cb_2020_census_tracts.geojson","data/md_geo_census_cb_2020_census_tracts/distribution/md_geo_census_cb_2020_census_tracts.geojson","93c57a0c0898f3092a9bb2d337b54702"
"md_geo_census_tl_2020_counties.geojson","data/md_geo_census_tl_2020_counties/distribution/md_geo_census_tl_2020_counties.geojson","fccd8cbafa11327acc8085af8b9acd6c"
"va_geo_census_cb_2020_census_block_groups.geojson","data/va_geo_census_cb_2020_census_block_groups/distribution/va_geo_census_cb_2020_census_block_groups.geojson","6b3f1547a009ba428b7df1fc668068d9"
"va_geo_census_cb_2020_census_tracts.geojson","data/va_geo_census_cb_2020_census_tracts/distribution/va_geo_census_cb_2020_census_tracts.geojson","ac3206bbe54bba3087fae163af36e686"
"va_geo_census_tl_2020_counties.geojson","data/va_geo_census_tl_2020_counties/distribution/va_geo_census_tl_2020_counties.geojson","f60a702d86201b444b66b2550005492e"
"va_geo_vhd_2020_health_districts.geojson","data/va_geo_vhd_2020_health_districts/distribution/va_geo_vhd_2020_health_districts.geojson","a8a81c86a6e50b7dc99ab6447fb9fc8f"
"va013_geo_arl_2021_civic_associations.geojson","data/va013_geo_arl_2021_civic_associations/distribution/va013_geo_arl_2021_civic_associations.geojson","49f7b5bf9be072f3e810d74ebbb7d593"
"va059_geo_ffxct_gis_2022_human_services_regions.geojson","data/va059_geo_ffxct_gis_2022_human_services_regions/distribution/va059_geo_ffxct_gis_2022_human_services_regions.geojson","8089e65cb9065c926adf707ce85cc819"
"va059_geo_ffxct_gis_2022_planning_districts.geojson","data/va059_geo_ffxct_gis_2022_planning_districts/distribution/va059_geo_ffxct_gis_2022_planning_districts.geojson","1ae6d26a7c8f038fbaaf2b1e496ec73a"
"va059_geo_ffxct_gis_2022_supervisor_districts.geojson","data/va059_geo_ffxct_gis_2022_supervisor_districts/distribution/va059_geo_ffxct_gis_2022_supervisor_districts.geojson","f5ffc437832b3df88f2b1e6f02ac98dc"
"va059_geo_ffxct_gis_2022_zip_codes.geojson","data/va059_geo_ffxct_gis_2022_zip_codes/distribution/va059_geo_ffxct_gis_2022_zip_codes.geojson","e9dcd7ef7f7b4b6e708593bd5c53f142"
